NAME,B25070_001E,B25070_007E,B25070_008E,B25070_009E,B25070_010E,median_household_income,median_gross_rent,total_housing_units,renter_occupied_units,state,county,tract,GEOID,rent_burden_30plus,affordability_stress_pct,renter_share_pct,rent_to_income_pct
Census Tract 1.01; Travis County; Texas,1058,118,19,47,369,140278.0,2056.0,2698,1058,48,453,000101,48453000101,553,52.26843100189035,39.21423276501112,17.58793253396826
Census Tract 1.02; Travis County; Texas,82,0,0,14,13,187578.0,3501.0,1119,82,48,453,000102,48453000102,27,32.926829268292686,7.327971403038427,22.397082813549563
Census Tract 2.03; Travis County; Texas,1235,132,40,101,239,99234.0,2209.0,1272,1235,48,453,000203,48453000203,512,41.45748987854251,97.09119496855347,26.712618658927383
Census Tract 2.04; Travis County; Texas,740,35,10,130,300,107981.0,1469.0,1684,740,48,453,000204,48453000204,475,64.1891891891892,43.942992874109265,16.325094229540383
Census Tract 2.05; Travis County; Texas,2188,164,118,245,321,77684.0,1652.0,2799,2188,48,453,000205,48453000205,848,38.75685557586837,78.1707752768846,25.518768343545645
Census Tract 2.06; Travis County; Texas,879,6,108,96,238,92989.0,1473.0,1919,879,48,453,000206,48453000206,448,50.96700796359499,45.80510682647212,19.008699953757972
Census Tract 3.02; Travis County; Texas,2457,174,121,147,702,63234.0,1302.0,3624,2457,48,453,000302,48453000302,1144,46.56084656084656,67.79801324503312,24.70822658696271
Census Tract 3.04; Travis County; Texas,1123,29,108,147,157,95143.0,1681.0,1689,1123,48,453,000304,48453000304,441,39.26981300089047,66.4890467732386,21.201769967312362
Census Tract 3.05; Travis County; Texas,1457,277,63,215,241,73649.0,1631.0,2006,1457,48,453,000305,48453000305,796,54.6328071379547,72.6321036889332,26.57469890969327
Census Tract 3.07; Travis County; Texas,380,49,23,88,79,103625.0,1905.0,949,380,48,453,000307,48453000307,239,62.89473684210526,40.042149631190725,22.06031363088058
Census Tract 3.08; Travis County; Texas,595,28,148,41,183,81293.0,1393.0,1581,595,48,453,000308,48453000308,400,67.22689075630252,37.634408602150536,20.562656071248448
Census Tract 3.09; Travis County; Texas,1783,174,112,133,272,127770.0,2223.0,2978,1783,48,453,000309,48453000309,691,38.75490745933819,59.872397582269976,20.878140408546606
Census Tract 4.01; Travis County; Texas,1665,161,22,148,474,96487.0,1970.0,2555,1665,48,453,000401,48453000401,805,48.348348348348345,65.16634050880626,24.500709940199197
Census Tract 4.02; Travis County; Texas,1206,144,78,72,189,103051.0,1986.0,2065,1206,48,453,000402,48453000402,483,40.049751243781095,58.401937046004846,23.126413135243716
Census Tract 5; Travis County; Texas,1883,258,142,154,731,55664.0,1626.0,2676,1883,48,453,000500,48453000500,1285,68.2421667551779,70.3662182361734,35.05317620005749
Census Tract 6.01; Travis County; Texas,452,14,0,50,247,27344.0,1317.0,523,452,48,453,000601,48453000601,311,68.80530973451327,86.4244741873805,57.79695728496197
Census Tract 6.06; Travis County; Texas,1632,33,134,0,1003,18286.0,1481.0,2057,1632,48,453,000606,48453000606,1170,71.69117647058823,79.33884297520662,97.18910642021218
Census Tract 6.07; Travis County; Texas,1292,118,77,79,627,27177.0,1383.0,1736,1292,48,453,000607,48453000607,901,69.73684210526315,74.42396313364056,61.06634286345071
Census Tract 6.08; Travis County; Texas,1395,34,27,70,746,21571.0,1450.0,1526,1395,48,453,000608,48453000608,877,62.867383512544805,91.41546526867627,80.66385424875992
Census Tract 7; Travis County; Texas,452,19,51,27,70,98706.0,1648.0,917,452,48,453,000700,48453000700,167,36.94690265486726,49.291166848418754,20.035256215427633
Census Tract 8.03; Travis County; Texas,1085,221,109,8,247,82625.0,1909.0,2169,1085,48,453,000803,48453000803,585,53.91705069124424,50.023052097740894,27.725264750378216
Census Tract 8.04; Travis County; Texas,675,85,15,57,105,104500.0,2218.0,1325,675,48,453,000804,48453000804,262,38.81481481481481,50.943396226415096,25.469856459330142
Census Tract 9.01; Travis County; Texas,993,94,13,65,219,114779.0,2644.0,1530,993,48,453,000901,48453000901,391,39.37562940584088,64.90196078431373,27.642687251152214
Census Tract 9.02; Travis County; Texas,3261,388,317,562,595,80692.0,2046.0,4959,3261,48,453,000902,48453000902,1862,57.099049371358475,65.75922565033274,30.4268081098498
Census Tract 10; Travis County; Texas,607,0,28,55,217,121833.0,2907.0,1703,607,48,453,001000,48453001000,300,49.42339373970346,35.64298297122724,28.632636477801583
Census Tract 11.01; Travis County; Texas,735,97,22,41,176,103272.0,1744.0,1012,735,48,453,001101,48453001101,336,45.714285714285715,72.62845849802372,20.264931443179176
Census Tract 11.02; Travis County; Texas,1628,77,75,62,269,183808.0,3342.0,3089,1628,48,453,001102,48453001102,483,29.668304668304668,52.70314017481385,21.81841922005571
Census Tract 11.03; Travis County; Texas,1544,152,0,40,164,166513.0,2827.0,3071,1544,48,453,001103,48453001103,356,23.05699481865285,50.276782806903284,20.373184075717813
Census Tract 12; Travis County; Texas,2685,78,43,380,322,151786.0,2590.0,4757,2685,48,453,001200,48453001200,823,30.651769087523277,56.443136430523445,20.47619675068847
Census Tract 13.04; Travis County; Texas,1087,129,0,115,100,151023.0,1819.0,2219,1087,48,453,001304,48453001304,344,31.646734130634773,48.98602974312753,14.453427623607002
Census Tract 13.07; Travis County; Texas,1331,91,8,34,288,93566.0,1582.0,2482,1331,48,453,001307,48453001307,421,31.63035311795642,53.626107977437556,20.28942137101084
Census Tract 13.08; Travis County; Texas,1172,117,149,57,131,107314.0,1804.0,1862,1172,48,453,001308,48453001308,454,38.737201365187715,62.94307196562836,20.17257766926962
Census Tract 13.09; Travis County; Texas,753,33,0,59,8,151858.0,2774.0,1668,753,48,453,001309,48453001309,100,13.280212483399731,45.143884892086334,21.920478341608607
Census Tract 13.10; Travis County; Texas,2182,296,88,45,463,106638.0,2145.0,2830,2182,48,453,001310,48453001310,892,40.879926672777266,77.10247349823321,24.137737016823273
Census Tract 13.11; Travis County; Texas,782,59,27,0,54,124453.0,1899.0,1195,782,48,453,001311,48453001311,140,17.902813299232736,65.43933054393305,18.310526865563705
Census Tract 13.12; Travis County; Texas,1172,55,77,43,201,127098.0,1926.0,2493,1172,48,453,001312,48453001312,376,32.081911262798634,47.01163257119936,18.18439314544682
Census Tract 14.01; Travis County; Texas,998,83,55,35,134,149318.0,2146.0,1893,998,48,453,001401,48453001401,307,30.761523046092183,52.72054939249868,17.24641369426325
Census Tract 14.02; Travis County; Texas,693,22,24,159,178,81625.0,1531.0,1607,693,48,453,001402,48453001402,383,55.266955266955264,43.12383322962041,22.50781010719755
Census Tract 14.03; Travis County; Texas,600,82,7,35,62,68594.0,1433.0,884,600,48,453,001403,48453001403,186,31.0,67.87330316742081,25.0692480391871
Census Tract 15.01; Travis County; Texas,358,70,34,0,88,162787.0,1466.0,2582,358,48,453,001501,48453001501,192,53.63128491620112,13.86522075910147,10.806759753542973
Census Tract 15.03; Travis County; Texas,2446,199,202,73,531,98430.0,1986.0,3652,2446,48,453,001503,48453001503,1005,41.08748977923141,66.97699890470975,24.212130448034134
Census Tract 15.04; Travis County; Texas,1766,313,234,103,219,104162.0,1921.0,3460,1766,48,453,001504,48453001504,869,49.20724801812005,51.040462427745666,22.130911464833623
Census Tract 15.05; Travis County; Texas,1235,137,23,40,169,116917.0,1680.0,2450,1235,48,453,001505,48453001505,369,29.87854251012146,50.40816326530613,17.243001445469865
Census Tract 16.02; Travis County; Texas,956,28,45,113,232,105351.0,1492.0,1692,956,48,453,001602,48453001602,418,43.72384937238494,56.50118203309693,16.99461799128627
Census Tract 16.03; Travis County; Texas,225,0,13,31,48,249063.0,3268.0,1949,225,48,453,001603,48453001603,92,40.88888888888889,11.544381734222679,15.745413810963491
Census Tract 16.04; Travis County; Texas,190,9,0,16,62,243177.0,2356.0,1766,190,48,453,001604,48453001604,87,45.78947368421053,10.758776896942242,11.626099507765948
Census Tract 16.05; Travis County; Texas,1172,24,27,338,100,136250.0,1932.0,2518,1172,48,453,001605,48453001605,489,41.72354948805461,46.54487688641779,17.015779816513763
Census Tract 16.06; Travis County; Texas,31,8,0,0,0,169063.0,1688.0,31,31,48,453,001606,48453001606,8,25.806451612903224,100.0,11.981332402713782
Census Tract 19.10; Travis County; Texas,900,54,84,75,285,176429.0,2165.0,2068,900,48,453,001910,48453001910,498,55.333333333333336,43.520309477756285,14.72547030250129
Census Tract 19.11; Travis County; Texas,1748,103,137,152,241,87132.0,1863.0,2071,1748,48,453,001911,48453001911,633,36.21281464530893,84.40366972477065,25.65762291695359
Census Tract 19.12; Travis County; Texas,579,72,13,41,46,208931.0,2490.0,1838,579,48,453,001912,48453001912,172,29.70639032815199,31.501632208922743,14.301372223365608
Census Tract 19.13; Travis County; Texas,205,10,13,0,106,250001.0,3501.0,1902,205,48,453,001913,48453001913,129,62.926829268292686,10.77812828601472,16.804732781068875
Census Tract 19.14; Travis County; Texas,1447,147,43,91,211,130882.0,2094.0,3140,1447,48,453,001914,48453001914,492,34.00138217000691,46.082802547770704,19.198973120826395
Census Tract 19.15; Travis County; Texas,1676,68,77,71,296,122688.0,2095.0,2016,1676,48,453,001915,48453001915,512,30.54892601431981,83.13492063492063,20.491001564945226
Census Tract 19.17; Travis County; Texas,155,0,0,60,53,216356.0,3065.0,1566,155,48,453,001917,48453001917,113,72.90322580645162,9.897828863346104,16.999759655382796
Census Tract 19.18; Travis County; Texas,122,0,0,10,72,197813.0,3501.0,1079,122,48,453,001918,48453001918,82,67.21311475409836,11.306765523632993,21.23824015610703
Census Tract 19.19; Travis County; Texas,115,0,0,10,13,214313.0,2875.0,1271,115,48,453,001919,48453001919,23,20.0,9.04799370574351,16.09795019434192
Census Tract 19.20; Travis County; Texas,1591,194,0,163,319,130712.0,1923.0,3026,1591,48,453,001920,48453001920,676,42.489000628535514,52.577660277594184,17.65407919701328
Census Tract 19.21; Travis County; Texas,330,18,0,11,92,219375.0,2268.0,1880,330,48,453,001921,48453001921,121,36.666666666666664,17.5531914893617,12.406153846153845
Census Tract 19.22; Travis County; Texas,983,99,100,173,172,78554.0,1820.0,1466,983,48,453,001922,48453001922,544,55.340793489318415,67.05320600272852,27.802530743183034
Census Tract 19.23; Travis County; Texas,1130,0,11,73,400,106012.0,1755.0,2018,1130,48,453,001923,48453001923,484,42.83185840707965,55.99603567888999,19.865675583896163
Census Tract 20.02; Travis County; Texas,400,44,53,36,116,122019.0,1754.0,1424,400,48,453,002002,48453002002,249,62.25000000000001,28.08988764044944,17.249772576402037
Census Tract 20.03; Travis County; Texas,1097,105,18,101,127,85687.0,1482.0,1693,1097,48,453,002003,48453002003,351,31.996353691886963,64.79621972829297,20.754606883191148
Census Tract 20.04; Travis County; Texas,1876,121,136,202,462,58220.0,1680.0,2151,1876,48,453,002004,48453002004,921,49.09381663113007,87.21524872152487,34.62727585022329
Census Tract 20.06; Travis County; Texas,1131,52,86,53,270,72292.0,1576.0,1507,1131,48,453,002006,48453002006,461,40.760389036251105,75.04976775049768,26.160571017539976
Census Tract 20.07; Travis County; Texas,870,124,47,59,110,117727.0,1843.0,1442,870,48,453,002007,48453002007,340,39.08045977011494,60.332871012482656,18.785835025100443
Census Tract 21.04; Travis County; Texas,552,20,47,0,62,135833.0,1934.0,1246,552,48,453,002104,48453002104,129,23.369565217391305,44.301765650080256,17.08568609984319
Census Tract 21.05; Travis County; Texas,2115,298,257,138,290,68649.0,1518.0,2680,2115,48,453,002105,48453002105,983,46.477541371158395,78.9179104477612,26.534982301271686
Census Tract 21.07; Travis County; Texas,570,0,29,65,260,121533.0,1619.0,1813,570,48,453,002107,48453002107,354,62.10526315789474,31.439602868174298,15.98578163955469
Census Tract 21.08; Travis County; Texas,1139,79,54,76,263,89299.0,1565.0,2340,1139,48,453,002108,48453002108,472,41.43985952589991,48.675213675213676,21.030470665964902
Census Tract 21.09; Travis County; Texas,676,98,33,28,110,97500.0,1590.0,1878,676,48,453,002109,48453002109,269,39.79289940828402,35.99574014909478,19.56923076923077
Census Tract 21.10; Travis County; Texas,453,15,127,0,108,123798.0,2123.0,1707,453,48,453,002110,48453002110,250,55.18763796909493,26.537785588752193,20.578684631415694
Census Tract 21.11; Travis County; Texas,1732,210,289,132,177,91658.0,1357.0,2848,1732,48,453,002111,48453002111,808,46.65127020785219,60.81460674157303,17.766043335006216
Census Tract 21.12; Travis County; Texas,1531,49,62,34,516,83750.0,1631.0,2575,1531,48,453,002112,48453002112,661,43.17439581972567,59.45631067961165,23.369552238805973
Census Tract 21.13; Travis County; Texas,192,0,0,10,39,136000.0,1900.0,1388,192,48,453,002113,48453002113,49,25.520833333333332,13.8328530259366,16.76470588235294
Census Tract 22.01; Travis County; Texas,223,97,0,11,43,86442.0,1756.0,907,223,48,453,002201,48453002201,151,67.71300448430493,24.586549062844544,24.377038939404454
Census Tract 22.11; Travis County; Texas,912,0,41,43,226,88309.0,1535.0,2006,912,48,453,002211,48453002211,310,33.99122807017544,45.46360917248255,20.858576136067672
Census Tract 22.13; Travis County; Texas,526,78,114,0,129,90380.0,1135.0,1753,526,48,453,002213,48453002213,321,61.026615969581755,30.005704506560182,15.069705687098917
Census Tract 22.14; Travis County; Texas,93,17,0,0,8,85199.0,2088.0,897,93,48,453,002214,48453002214,25,26.881720430107524,10.367892976588628,29.40879587788589
Census Tract 22.15; Travis County; Texas,327,0,0,43,74,74634.0,1945.0,1517,327,48,453,002215,48453002215,117,35.77981651376147,21.555702043506923,31.272610338451646
Census Tract 22.16; Travis County; Texas,1099,158,25,28,224,103941.0,2226.0,4175,1099,48,453,002216,48453002216,435,39.581437670609645,26.323353293413177,25.699194735474933
Census Tract 22.17; Travis County; Texas,616,107,42,222,53,82083.0,1462.0,2594,616,48,453,002217,48453002217,424,68.83116883116884,23.74710871241326,21.373487811118014
Census Tract 22.18; Travis County; Texas,195,54,18,0,23,105726.0,2144.0,1928,195,48,453,002218,48453002218,95,48.717948717948715,10.114107883817427,24.334600760456272
Census Tract 22.19; Travis County; Texas,487,38,233,131,0,94750.0,1769.0,3088,487,48,453,002219,48453002219,402,82.54620123203286,15.770725388601036,22.404221635883907
Census Tract 22.20; Travis County; Texas,731,52,286,85,147,61802.0,1636.0,1241,731,48,453,002220,48453002220,570,77.97537619699042,58.9041095890411,31.765962266593313
Census Tract 22.21; Travis County; Texas,563,122,34,45,70,56173.0,1469.0,1130,563,48,453,002221,48453002221,271,48.13499111900533,49.82300884955752,31.381624623929643
Census Tract 22.22; Travis County; Texas,508,0,155,0,176,82121.0,1708.0,1270,508,48,453,002222,48453002222,331,65.15748031496062,40.0,24.958293250203965
Census Tract 23.04; Travis County; Texas,2702,198,320,118,315,101757.0,1880.0,3036,2702,48,453,002304,48453002304,951,35.19615099925981,88.99868247694334,22.17046493115953
Census Tract 23.07; Travis County; Texas,2249,130,182,173,509,69518.0,1470.0,2930,2249,48,453,002307,48453002307,994,44.19742107603379,76.75767918088738,25.37472309329958
Census Tract 23.10; Travis County; Texas,594,43,79,0,322,36991.0,1259.0,1186,594,48,453,002310,48453002310,444,74.74747474747475,50.084317032040474,40.84236706225839
Census Tract 23.13; Travis County; Texas,1585,350,137,165,495,56128.0,1613.0,2203,1585,48,453,002313,48453002313,1147,72.3659305993691,71.94734453018611,34.48546180159635
Census Tract 23.14; Travis County; Texas,2988,267,143,176,560,75451.0,1610.0,3426,2988,48,453,002314,48453002314,1146,38.35341365461847,87.215411558669,25.606022451657367
Census Tract 23.15; Travis County; Texas,1374,107,111,143,513,45989.0,1470.0,1749,1374,48,453,002315,48453002315,874,63.6098981077147,78.55917667238423,38.3569984126639
Census Tract 23.16; Travis County; Texas,2536,94,85,519,547,43289.0,1440.0,2782,2536,48,453,002316,48453002316,1245,49.09305993690852,91.15744069015096,39.917762018064636
Census Tract 23.20; Travis County; Texas,1287,221,62,89,147,85170.0,1682.0,1928,1287,48,453,002320,48453002320,519,40.32634032634033,66.75311203319502,23.698485382176823
Census Tract 23.21; Travis County; Texas,1083,49,64,86,324,73977.0,1769.0,1811,1083,48,453,002321,48453002321,523,48.29178208679593,59.80121479845389,28.695405328683236
Census Tract 23.22; Travis County; Texas,1486,86,62,84,188,83266.0,1492.0,1551,1486,48,453,002322,48453002322,420,28.263795423956932,95.80915538362346,21.50217375639517
Census Tract 23.23; Travis County; Texas,1080,73,94,42,124,83839.0,1506.0,1603,1080,48,453,002323,48453002323,333,30.833333333333336,67.37367436057392,21.555600615465355
Census Tract 23.24; Travis County; Texas,504,101,44,0,169,48417.0,1679.0,652,504,48,453,002324,48453002324,314,62.301587301587304,77.30061349693251,41.613482867587834
Census Tract 23.25; Travis County; Texas,946,74,24,37,365,62953.0,1303.0,1771,946,48,453,002325,48453002325,500,52.85412262156448,53.41614906832298,24.8375772401633
Census Tract 23.26; Travis County; Texas,472,36,11,0,150,48519.0,1123.0,528,472,48,453,002326,48453002326,197,41.73728813559322,89.39393939393939,27.77468620540407
Census Tract 23.27; Travis County; Texas,1893,100,107,140,742,60524.0,1600.0,2253,1893,48,453,002327,48453002327,1089,57.52773375594295,84.02130492676432,31.72295287819708
Census Tract 24.03; Travis County; Texas,887,174,21,12,63,86061.0,1895.0,1481,887,48,453,002403,48453002403,270,30.43968432919955,59.89196488858879,26.42311848572524
Census Tract 24.07; Travis County; Texas,3054,190,529,398,587,88959.0,1832.0,5646,3054,48,453,002407,48453002407,1704,55.79567779960707,54.091392136025505,24.71250800930766
Census Tract 24.09; Travis County; Texas,461,43,27,48,43,101364.0,1950.0,1568,461,48,453,002409,48453002409,161,34.924078091106296,29.40051020408163,23.08511897715165
Census Tract 24.10; Travis County; Texas,1300,81,61,257,376,59154.0,1519.0,1968,1300,48,453,002410,48453002410,775,59.61538461538461,66.05691056910568,30.81448422760929
Census Tract 24.11; Travis County; Texas,754,29,0,238,195,67500.0,1651.0,1692,754,48,453,002411,48453002411,462,61.273209549071616,44.56264775413711,29.351111111111113
Census Tract 24.12; Travis County; Texas,224,66,0,0,0,97039.0,1811.0,1443,224,48,453,002412,48453002412,66,29.464285714285715,15.523215523215523,22.39511948804089
Census Tract 24.13; Travis County; Texas,875,28,70,118,362,42629.0,1629.0,1215,875,48,453,002413,48453002413,578,66.05714285714286,72.0164609053498,45.8561073447653
Census Tract 24.19; Travis County; Texas,1906,368,63,176,496,49897.0,1554.0,2060,1906,48,453,002419,48453002419,1103,57.869884575026234,92.5242718446602,37.37298835601339
Census Tract 24.22; Travis County; Texas,2132,177,149,135,411,91911.0,1626.0,4135,2132,48,453,002422,48453002422,872,40.90056285178236,51.55985489721886,21.22923262721546
Census Tract 24.23; Travis County; Texas,806,88,0,31,188,128940.0,2060.0,3036,806,48,453,002423,48453002423,307,38.0893300248139,26.54808959156785,19.171707771056308
Census Tract 24.24; Travis County; Texas,766,78,54,80,156,68681.0,1382.0,1742,766,48,453,002424,48453002424,368,48.04177545691906,43.972445464982776,24.146416039370422
Census Tract 24.30; Travis County; Texas,151,0,0,15,0,84068.0,1105.0,803,151,48,453,002430,48453002430,15,9.933774834437086,18.80448318804483,15.772945710615216
Census Tract 24.34; Travis County; Texas,28,3,0,8,0,75114.0,982.0,758,28,48,453,002434,48453002434,11,39.285714285714285,3.6939313984168867,15.688154005911015
Census Tract 24.36; Travis County; Texas,203,0,0,77,73,54750.0,1216.0,1086,203,48,453,002436,48453002436,150,73.89162561576354,18.69244935543278,26.652054794520545
Census Tract 24.37; Travis County; Texas,2258,170,147,211,270,116142.0,1892.0,2869,2258,48,453,002437,48453002437,798,35.34100974313552,78.70338096897875,19.548483752647623
Census Tract 24.38; Travis County; Texas,1751,108,34,380,259,85230.0,1692.0,3513,1751,48,453,002438,48453002438,781,44.60308395202741,49.84343865641902,23.82259767687434
Census Tract 24.39; Travis County; Texas,189,11,0,0,46,99605.0,1942.0,1109,189,48,453,002439,48453002439,57,30.15873015873016,17.04238052299369,23.396415842578183
Census Tract 24.40; Travis County; Texas,920,0,86,0,425,66930.0,1720.0,2790,920,48,453,002440,48453002440,511,55.54347826086956,32.97491039426524,30.838189152846258
Census Tract 24.41; Travis County; Texas,1198,314,30,78,42,79423.0,1743.0,2208,1198,48,453,002441,48453002441,464,38.73121869782972,54.257246376811594,26.334940760233184
Census Tract 24.42; Travis County; Texas,150,0,0,0,42,103113.0,1667.0,1229,150,48,453,002442,48453002442,42,28.000000000000004,12.205044751830757,19.40007564516598
Census Tract 24.43; Travis County; Texas,2464,279,303,294,295,80536.0,1701.0,2715,2464,48,453,002443,48453002443,1171,47.52435064935065,90.75506445672191,25.34518724545545
Census Tract 24.44; Travis County; Texas,827,37,69,81,92,76049.0,1889.0,2042,827,48,453,002444,48453002444,279,33.736396614268436,40.49951028403526,29.80709805520125
Census Tract 24.45; Travis County; Texas,1523,107,225,71,293,95667.0,1728.0,4108,1523,48,453,002445,48453002445,696,45.699277741300065,37.074001947419674,21.675185800746338
Census Tract 24.46; Travis County; Texas,250,0,11,0,85,104975.0,1984.0,1025,250,48,453,002446,48453002446,96,38.4,24.390243902439025,22.67968563943796
Census Tract 24.47; Travis County; Texas,203,0,38,7,114,84224.0,1949.0,951,203,48,453,002447,48453002447,159,78.32512315270937,21.3459516298633,27.768806990881462
Census Tract 24.48; Travis County; Texas,731,151,0,135,140,103623.0,1843.0,3232,731,48,453,002448,48453002448,426,58.27633378932968,22.617574257425744,21.34275209171709
Census Tract 24.49; Travis County; Texas,531,12,0,127,220,84212.0,1724.0,2768,531,48,453,002449,48453002449,359,67.60828625235405,19.183526011560694,24.56657008502351
Census Tract 24.50; Travis County; Texas,251,56,0,0,10,89008.0,1744.0,1449,251,48,453,002450,48453002450,66,26.294820717131472,17.322291235334713,23.512493259032897
Census Tract 24.51; Travis County; Texas,3350,641,214,197,358,78026.0,1615.0,4173,3350,48,453,002451,48453002451,1410,42.08955223880597,80.27797747423917,24.837874554635633
Census Tract 24.52; Travis County; Texas,208,0,39,0,58,51652.0,1627.0,983,208,48,453,002452,48453002452,97,46.63461538461539,21.15971515768057,37.79911716874468
Census Tract 25; Travis County; Texas,1823,293,69,114,202,102491.0,1592.0,3013,1823,48,453,002500,48453002500,678,37.1914426769062,60.504480584135415,18.639685435794362
Census Tract 300; Travis County; Texas,552,14,29,42,46,168024.0,1889.0,2276,552,48,453,030000,48453030000,131,23.731884057971016,24.253075571177504,13.490929867161833
Census Tract 301; Travis County; Texas,428,16,13,72,21,109922.0,1672.0,1932,428,48,453,030100,48453030100,122,28.504672897196254,22.15320910973085,18.25294299594258
Census Tract 302; Travis County; Texas,1361,87,132,98,219,78556.0,1512.0,2765,1361,48,453,030200,48453030200,536,39.38280675973549,49.22242314647378,23.09689902744539
Census Tract 303; Travis County; Texas,1107,108,73,71,280,84034.0,1289.0,2086,1107,48,453,030300,48453030300,532,48.05781391147245,53.06807286673059,18.406835328557488
Census Tract 304; Travis County; Texas,1113,148,5,115,136,106659.0,1813.0,2378,1113,48,453,030400,48453030400,404,36.298292902066486,46.8040370058873,20.39771608584367
Census Tract 305; Travis County; Texas,1428,57,112,165,208,129286.0,1851.0,3557,1428,48,453,030500,48453030500,542,37.95518207282913,40.146190610064664,17.18051451819996
Census Tract 306; Travis County; Texas,1876,86,337,204,299,105345.0,1879.0,3472,1876,48,453,030600,48453030600,926,49.36034115138593,54.03225806451613,21.403958422326642
Census Tract 307; Travis County; Texas,133,0,10,0,33,189688.0,3501.0,1892,133,48,453,030700,48453030700,43,32.33082706766917,7.029598308668077,22.147948209691705
Census Tract 308; Travis County; Texas,2205,194,166,339,312,81700.0,1754.0,2694,2205,48,453,030800,48453030800,1011,45.85034013605443,81.84855233853007,25.762545899632805
Census Tract 309; Travis County; Texas,1014,159,28,110,373,94398.0,1909.0,3465,1014,48,453,030900,48453030900,670,66.07495069033531,29.264069264069263,24.26746329371385
Census Tract 310; Travis County; Texas,999,119,38,46,294,105000.0,1733.0,2479,999,48,453,031000,48453031000,497,49.74974974974975,40.298507462686565,19.805714285714284
Census Tract 311; Travis County; Texas,171,39,0,10,0,151967.0,2033.0,1910,171,48,453,031100,48453031100,49,28.654970760233915,8.952879581151832,16.053485296149823
Census Tract 312; Travis County; Texas,558,52,131,0,145,152470.0,1750.0,2922,558,48,453,031200,48453031200,328,58.78136200716846,19.096509240246405,13.773201285498788
Census Tract 313; Travis County; Texas,876,149,89,12,197,108958.0,1919.0,1914,876,48,453,031300,48453031300,447,51.02739726027398,45.76802507836991,21.134749169404724
Census Tract 314; Travis County; Texas,608,42,66,61,145,86036.0,1582.0,2575,608,48,453,031400,48453031400,314,51.64473684210527,23.611650485436893,22.065182016830164
Census Tract 315; Travis County; Texas,598,31,104,12,102,108343.0,1900.0,3420,598,48,453,031500,48453031500,249,41.63879598662207,17.485380116959064,21.04427604921407
Census Tract 316; Travis County; Texas,378,30,31,7,136,121364.0,1740.0,1105,378,48,453,031600,48453031600,204,53.96825396825397,34.20814479638009,17.204442833130088
Census Tract 317; Travis County; Texas,770,65,0,19,205,105076.0,1455.0,2161,770,48,453,031700,48453031700,289,37.532467532467535,35.63165201295696,16.616544215615363
Census Tract 318; Travis County; Texas,821,107,50,0,116,96897.0,1863.0,1998,821,48,453,031800,48453031800,273,33.252131546894034,41.091091091091094,23.07192173132295
Census Tract 319; Travis County; Texas,709,76,52,22,274,114643.0,1752.0,2564,709,48,453,031900,48453031900,424,59.80253878702398,27.65210608424337,18.33866873686139
Census Tract 320; Travis County; Texas,2213,198,424,217,315,91383.0,1873.0,3385,2213,48,453,032000,48453032000,1154,52.14640759150474,65.37666174298376,24.595384261843012
Census Tract 321; Travis County; Texas,2121,350,26,21,269,98485.0,1820.0,3383,2121,48,453,032100,48453032100,666,31.4002828854314,62.69583210168489,22.17596588312941
Census Tract 322; Travis County; Texas,78,10,0,0,0,178313.0,2169.0,938,78,48,453,032200,48453032200,10,12.82051282051282,8.315565031982942,14.596804495465838
Census Tract 323; Travis County; Texas,2807,449,166,527,390,50678.0,1471.0,2967,2807,48,453,032300,48453032300,1532,54.57784111150694,94.60734748904618,34.83168238683452
Census Tract 324; Travis County; Texas,1115,53,90,111,196,81582.0,1803.0,1197,1115,48,453,032400,48453032400,450,40.35874439461883,93.14954051796157,26.520556005001104
Census Tract 325; Travis County; Texas,1162,101,130,169,95,92716.0,1749.0,2365,1162,48,453,032500,48453032500,495,42.59896729776248,49.13319238900634,22.63686958022348
Census Tract 326; Travis County; Texas,67,0,0,0,0,225063.0,2725.0,2212,67,48,453,032600,48453032600,0,0.0,3.0289330922242312,14.529265139094386
Census Tract 327; Travis County; Texas,548,98,66,80,65,122292.0,2045.0,1916,548,48,453,032700,48453032700,309,56.38686131386861,28.60125260960334,20.06672554214503
Census Tract 328; Travis County; Texas,603,17,26,123,108,114432.0,1739.0,1202,603,48,453,032800,48453032800,274,45.43946932006634,50.166389351081534,18.236157718120804
Census Tract 329; Travis County; Texas,1187,60,52,0,187,158372.0,1819.0,3529,1187,48,453,032900,48453032900,299,25.189553496208926,33.635590818928875,13.782739373121512
Census Tract 330; Travis County; Texas,1513,133,34,13,433,89192.0,1816.0,3511,1513,48,453,033000,48453033000,613,40.51553205551884,43.09313585872971,24.432684545699164
Census Tract 331; Travis County; Texas,99,0,0,0,6,181875.0,2777.0,2318,99,48,453,033100,48453033100,6,6.0606060606060606,4.270923209663503,18.322474226804122
Census Tract 332; Travis County; Texas,432,0,46,0,40,132192.0,2270.0,2269,432,48,453,033200,48453033200,86,19.90740740740741,19.039224327897752,20.60639070442992
Census Tract 333; Travis County; Texas,243,0,0,18,39,227981.0,3275.0,3232,243,48,453,033300,48453033300,57,23.456790123456788,7.518564356435643,17.2382786284822
Census Tract 334; Travis County; Texas,302,21,140,18,10,96577.0,2173.0,1346,302,48,453,033400,48453033400,189,62.58278145695364,22.436849925705797,27.000217443076508
Census Tract 335; Travis County; Texas,980,93,72,109,20,99738.0,2199.0,2741,980,48,453,033500,48453033500,294,30.0,35.75337468077344,26.45731817361487
Census Tract 336; Travis County; Texas,213,12,0,17,43,168964.0,2172.0,2015,213,48,453,033600,48453033600,72,33.80281690140845,10.570719602977666,15.4257711701901
Census Tract 337; Travis County; Texas,285,25,37,10,24,196136.0,1755.0,1105,285,48,453,033700,48453033700,96,33.68421052631579,25.791855203619914,10.737447485418281
Census Tract 338; Travis County; Texas,125,21,13,18,26,180729.0,1919.0,1696,125,48,453,033800,48453033800,78,62.4,7.370283018867925,12.741729329548662
Census Tract 339; Travis County; Texas,229,73,0,0,18,145625.0,1814.0,2284,229,48,453,033900,48453033900,91,39.737991266375545,10.026269702276707,14.947982832618026
Census Tract 340; Travis County; Texas,1134,25,76,295,51,181625.0,1999.0,2818,1134,48,453,034000,48453034000,447,39.41798941798942,40.24130589070263,13.207432897453545
Census Tract 341; Travis County; Texas,2580,231,0,149,466,95795.0,1825.0,3405,2580,48,453,034100,48453034100,846,32.79069767441861,75.77092511013215,22.861318440419645
Census Tract 342; Travis County; Texas,2620,93,280,117,444,99100.0,1899.0,3217,2620,48,453,034200,48453034200,934,35.64885496183206,81.44233758159776,22.994954591321896
Census Tract 343; Travis County; Texas,65,0,0,0,0,215500.0,3154.0,1496,65,48,453,034300,48453034300,0,0.0,4.3449197860962565,17.56287703016241
Census Tract 344; Travis County; Texas,1155,171,112,21,491,63425.0,1787.0,1472,1155,48,453,034400,48453034400,795,68.83116883116884,78.46467391304348,33.81001182499014
Census Tract 346; Travis County; Texas,2198,336,276,221,394,69603.0,1799.0,2552,2198,48,453,034600,48453034600,1227,55.82347588717016,86.12852664576802,31.015904486875566
Census Tract 347; Travis County; Texas,892,0,203,198,123,130817.0,2578.0,2553,892,48,453,034700,48453034700,524,58.744394618834086,34.93928711320016,23.64830259064189
Census Tract 348; Travis County; Texas,484,24,0,63,106,140857.0,2107.0,1958,484,48,453,034800,48453034800,193,39.87603305785124,24.719101123595504,17.950119624867774
Census Tract 349; Travis County; Texas,465,66,17,0,150,205026.0,1992.0,2761,465,48,453,034900,48453034900,233,50.10752688172043,16.841724013038753,11.659009101284715
Census Tract 350; Travis County; Texas,1300,40,98,136,673,153554.0,1865.0,3208,1300,48,453,035000,48453035000,947,72.84615384615385,40.52369077306734,14.574677312215897
Census Tract 351; Travis County; Texas,272,13,0,11,65,202167.0,2765.0,1697,272,48,453,035100,48453035100,89,32.720588235294116,16.028285209192696,16.412174093694816
Census Tract 352; Travis County; Texas,168,0,20,8,12,132500.0,2524.0,2125,168,48,453,035200,48453035200,40,23.809523809523807,7.905882352941177,22.8588679245283
Census Tract 354; Travis County; Texas,136,0,0,0,7,250001.0,3501.0,2205,136,48,453,035400,48453035400,7,5.147058823529411,6.167800453514739,16.804732781068875
Census Tract 355; Travis County; Texas,58,0,0,0,37,179545.0,2743.0,1268,58,48,453,035500,48453035500,37,63.793103448275865,4.574132492113565,18.333008437996046
Census Tract 357; Travis County; Texas,94,0,0,0,10,238182.0,1800.0,1500,94,48,453,035700,48453035700,10,10.638297872340424,6.266666666666667,9.068695367408116
Census Tract 358; Travis County; Texas,692,81,87,76,162,151845.0,1425.0,2084,692,48,453,035800,48453035800,406,58.67052023121387,33.20537428023032,11.261483749876518
Census Tract 359; Travis County; Texas,59,0,0,0,0,115662.0,976.0,1163,59,48,453,035900,48453035900,0,0.0,5.073086844368014,10.126056959070395
Census Tract 362; Travis County; Texas,65,8,0,0,0,219175.0,3501.0,1239,65,48,453,036200,48453036200,8,12.307692307692308,5.246166263115415,19.16824455343903
Census Tract 366; Travis County; Texas,639,0,37,237,30,165294.0,1792.0,3553,639,48,453,036600,48453036600,304,47.57433489827856,17.984801576132845,13.009546626011833
Census Tract 367; Travis County; Texas,232,0,0,0,0,239071.0,3501.0,2487,232,48,453,036700,48453036700,0,0.0,9.328508242862888,17.573022240254986
Census Tract 368; Travis County; Texas,66,22,0,0,0,229398.0,3501.0,1450,66,48,453,036800,48453036800,22,33.33333333333333,4.551724137931035,18.314021918238172
Census Tract 369; Travis County; Texas,151,0,20,45,18,157159.0,3042.0,2004,151,48,453,036900,48453036900,83,54.966887417218544,7.53493013972056,23.22743209106701
Census Tract 370; Travis County; Texas,1198,176,138,8,505,98682.0,1975.0,2867,1198,48,453,037000,48453037000,827,69.03171953255426,41.785838855946984,24.01653797045054
Census Tract 371; Travis County; Texas,68,0,3,19,0,198684.0,3125.0,920,68,48,453,037100,48453037100,22,32.35294117647059,7.391304347826087,18.8741921845745
Census Tract 372; Travis County; Texas,331,0,0,104,111,134623.0,2418.0,2424,331,48,453,037200,48453037200,215,64.95468277945619,13.655115511551156,21.55352354352525
Census Tract 373; Travis County; Texas,97,0,24,0,10,98408.0,1472.0,1331,97,48,453,037300,48453037300,34,35.051546391752574,7.2877535687453046,17.949760182099016
Census Tract 375; Travis County; Texas,58,0,0,19,0,112159.0,1705.0,698,58,48,453,037500,48453037500,19,32.758620689655174,8.30945558739255,18.24196007453704
Census Tract 376; Travis County; Texas,140,19,5,29,0,122367.0,2149.0,2502,140,48,453,037600,48453037600,53,37.857142857142854,5.595523581135091,21.0743092500429
Census Tract 400; Travis County; Texas,2349,77,104,110,829,72802.0,1389.0,3114,2349,48,453,040000,48453040000,1120,47.67986377181779,75.43352601156069,22.894975412763387
Census Tract 401; Travis County; Texas,1339,0,97,82,506,61202.0,1351.0,1957,1339,48,453,040100,48453040100,685,51.15758028379388,68.42105263157895,26.489330414038758
Census Tract 402; Travis County; Texas,1140,9,24,218,400,46623.0,1568.0,1558,1140,48,453,040200,48453040200,651,57.10526315789474,73.17073170731707,40.35776333569268
Census Tract 403; Travis County; Texas,1861,243,57,133,556,55564.0,1132.0,2736,1861,48,453,040300,48453040300,989,53.143471252015054,68.01900584795322,24.44748398243467
Census Tract 404; Travis County; Texas,1061,148,68,29,202,80285.0,1550.0,2249,1061,48,453,040400,48453040400,447,42.130065975494816,47.176522899066256,23.167465902721553
Census Tract 405; Travis County; Texas,1333,220,0,196,408,58088.0,1480.0,2651,1333,48,453,040500,48453040500,824,61.81545386346586,50.28291210863824,30.57430106045999
Census Tract 406; Travis County; Texas,1092,33,92,229,332,44254.0,1453.0,1456,1092,48,453,040600,48453040600,686,62.82051282051282,75.0,39.39982826411172
Census Tract 407; Travis County; Texas,2480,27,0,668,939,41526.0,1231.0,3385,2480,48,453,040700,48453040700,1634,65.88709677419354,73.26440177252584,35.57289409044936
Census Tract 408; Travis County; Texas,901,34,14,11,279,111463.0,1740.0,2275,901,48,453,040800,48453040800,338,37.51387347391787,39.604395604395606,18.73267362263711
Census Tract 409; Travis County; Texas,1600,165,183,129,392,63657.0,1405.0,2562,1600,48,453,040900,48453040900,869,54.3125,62.451209992193604,26.485696781186675
Census Tract 410; Travis County; Texas,2013,259,177,113,659,59572.0,1484.0,2721,2013,48,453,041000,48453041000,1208,60.00993541977149,73.98015435501654,29.8932384341637
Census Tract 411; Travis County; Texas,255,0,0,9,138,95536.0,1688.0,806,255,48,453,041100,48453041100,147,57.647058823529406,31.63771712158809,21.202478646792834
Census Tract 412; Travis County; Texas,1333,108,0,103,429,86250.0,1832.0,1734,1333,48,453,041200,48453041200,640,48.012003000750184,76.87427912341407,25.488695652173917
Census Tract 413; Travis County; Texas,475,25,61,16,115,113125.0,2126.0,1807,475,48,453,041300,48453041300,217,45.68421052631579,26.28666297731046,22.552044198895025
Census Tract 414; Travis County; Texas,947,124,59,25,227,77569.0,1538.0,1660,947,48,453,041400,48453041400,435,45.934530095036955,57.04819277108434,23.793010094238678
Census Tract 415; Travis County; Texas,655,189,0,122,54,75000.0,1331.0,1255,655,48,453,041500,48453041500,365,55.72519083969466,52.191235059760956,21.296
Census Tract 416; Travis County; Texas,1596,43,21,312,680,85466.0,1721.0,3421,1596,48,453,041600,48453041600,1056,66.16541353383458,46.65302543116048,24.163995038962863
Census Tract 417; Travis County; Texas,279,0,0,17,144,123036.0,1915.0,1089,279,48,453,041700,48453041700,161,57.70609318996416,25.6198347107438,18.677460255534967
Census Tract 418; Travis County; Texas,1094,76,72,64,325,84906.0,1441.0,1774,1094,48,453,041800,48453041800,537,49.085923217550274,61.668545659526494,20.366051869125855
Census Tract 419; Travis County; Texas,765,39,223,186,23,66346.0,1685.0,1888,765,48,453,041900,48453041900,471,61.568627450980394,40.51906779661017,30.476592409489644
Census Tract 420; Travis County; Texas,76,0,6,0,8,131890.0,2293.0,1259,76,48,453,042000,48453042000,14,18.421052631578945,6.036536934074663,20.86284024565926
Census Tract 421; Travis County; Texas,1267,107,42,143,159,88262.0,1701.0,2309,1267,48,453,042100,48453042100,451,35.59589581689029,54.872239064530106,23.12660034896105
Census Tract 422; Travis County; Texas,2016,160,88,113,133,78637.0,1600.0,2416,2016,48,453,042200,48453042200,494,24.503968253968253,83.44370860927152,24.415987385073183
Census Tract 423; Travis County; Texas,344,36,0,69,109,129625.0,1919.0,1695,344,48,453,042300,48453042300,214,62.2093023255814,20.29498525073746,17.765091610414657
Census Tract 424; Travis County; Texas,1064,0,422,40,10,112330.0,1684.0,5724,1064,48,453,042400,48453042400,472,44.3609022556391,18.588399720475195,17.989851330900027
Census Tract 425; Travis County; Texas,597,57,61,27,181,148524.0,2252.0,3983,597,48,453,042500,48453042500,326,54.60636515912898,14.988701983429575,18.195039185586168
Census Tract 426; Travis County; Texas,886,148,53,48,459,54476.0,1617.0,1818,886,48,453,042600,48453042600,708,79.90970654627539,48.734873487348736,35.61935531243116
Census Tract 427; Travis County; Texas,298,5,111,0,20,106445.0,2562.0,1683,298,48,453,042700,48453042700,136,45.63758389261745,17.70647653000594,28.882521489971346
Census Tract 428; Travis County; Texas,1323,78,77,148,287,123696.0,1965.0,2705,1323,48,453,042800,48453042800,590,44.59561602418745,48.909426987060996,19.062863795110594
Census Tract 429; Travis County; Texas,1837,153,285,230,272,55513.0,1367.0,2041,1837,48,453,042900,48453042900,940,51.17038649972782,90.00489955903969,29.549835173743087
Census Tract 430; Travis County; Texas,1771,143,81,103,492,65542.0,1690.0,2304,1771,48,453,043000,48453043000,819,46.24505928853755,76.86631944444444,30.941991394830797
Census Tract 431; Travis County; Texas,760,0,94,0,349,50951.0,1206.0,1243,760,48,453,043100,48453043100,443,58.28947368421053,61.14239742558326,28.40376047575121
Census Tract 432; Travis County; Texas,1114,136,216,0,482,35357.0,1275.0,1494,1114,48,453,043200,48453043200,834,74.86535008976661,74.56492637215528,43.272902112735814
Census Tract 433; Travis County; Texas,1102,160,194,222,316,47362.0,1628.0,1504,1102,48,453,043300,48453043300,892,80.94373865698729,73.27127659574468,41.24825809720873
Census Tract 434; Travis County; Texas,2078,251,93,83,413,71524.0,1466.0,2513,2078,48,453,043400,48453043400,840,40.42348411934552,82.6900119379228,24.59593982439461
Census Tract 435; Travis County; Texas,2592,201,62,543,584,87813.0,1831.0,4310,2592,48,453,043500,48453043500,1390,53.626543209876544,60.13921113689095,25.021352191588946
Census Tract 436; Travis County; Texas,1296,114,205,22,124,89133.0,1657.0,2016,1296,48,453,043600,48453043600,465,35.879629629629626,64.28571428571429,22.308236006866146
Census Tract 437; Travis County; Texas,896,105,59,46,199,106270.0,1660.0,1228,896,48,453,043700,48453043700,409,45.64732142857143,72.9641693811075,18.744706878705188
Census Tract 438; Travis County; Texas,534,29,12,0,259,94514.0,1704.0,1699,534,48,453,043800,48453043800,300,56.17977528089888,31.43025309005297,21.634890069196096
Census Tract 439; Travis County; Texas,2927,140,217,412,634,83542.0,1710.0,4421,2927,48,453,043900,48453043900,1403,47.93303723949436,66.2067405564352,24.562495511239852
Census Tract 440; Travis County; Texas,958,131,26,125,420,51866.0,1624.0,1444,958,48,453,044000,48453044000,702,73.2776617954071,66.34349030470914,37.573747734546714
Census Tract 441; Travis County; Texas,685,6,17,16,115,91941.0,1815.0,1562,685,48,453,044100,48453044100,154,22.48175182481752,43.854033290653014,23.689104969491304
Census Tract 442; Travis County; Texas,2924,465,156,289,827,66827.0,1595.0,3844,2924,48,453,044200,48453044200,1737,59.404924760601915,76.06659729448492,28.641118110943182
Census Tract 443; Travis County; Texas,1365,77,0,302,258,92471.0,1854.0,2766,1365,48,453,044300,48453044300,637,46.666666666666664,49.34924078091106,24.059434849844816
Census Tract 444; Travis County; Texas,449,0,115,0,35,118155.0,2088.0,2073,449,48,453,044400,48453044400,150,33.4075723830735,21.659430776652194,21.20604290973721
Census Tract 445; Travis County; Texas,157,0,0,0,90,122701.0,1498.0,1631,157,48,453,044500,48453044500,90,57.324840764331206,9.625996321275291,14.650247349247358
Census Tract 446; Travis County; Texas,146,18,0,0,15,86563.0,2054.0,1827,146,48,453,044600,48453044600,33,22.60273972602739,7.991242474001095,28.47405935561383
Census Tract 447; Travis County; Texas,218,11,0,53,19,92200.0,1750.0,729,218,48,453,044700,48453044700,83,38.07339449541284,29.903978052126202,22.7765726681128
Census Tract 448; Travis County; Texas,661,14,161,58,119,82277.0,1595.0,1998,661,48,453,044800,48453044800,352,53.25264750378215,33.08308308308308,23.262880270306404
Census Tract 449; Travis County; Texas,1642,25,268,242,442,81185.0,1700.0,4725,1642,48,453,044900,48453044900,977,59.5006090133983,34.751322751322746,25.12779454332697
Census Tract 450; Travis County; Texas,652,0,23,214,158,88316.0,1667.0,1327,652,48,453,045000,48453045000,395,60.582822085889575,49.133383571966846,22.65048235880248
Census Tract 451; Travis County; Texas,1064,183,29,107,149,115781.0,1769.0,1615,1064,48,453,045100,48453045100,468,43.98496240601504,65.88235294117646,18.334614487696598
Census Tract 452; Travis County; Texas,960,146,54,79,69,125284.0,2285.0,2029,960,48,453,045200,48453045200,348,36.25,47.31394775751602,21.88627438459819
Census Tract 453; Travis County; Texas,2792,54,157,192,993,69833.0,1752.0,3059,2792,48,453,045300,48453045300,1396,50.0,91.27165740438052,30.106110291695902
Census Tract 454; Travis County; Texas,5349,310,758,167,730,94009.0,1984.0,6055,5349,48,453,045400,48453045400,1965,36.73583847448121,88.3402146985962,25.325234817942967
Census Tract 455; Travis County; Texas,1664,495,57,13,218,76181.0,1615.0,2185,1664,48,453,045500,48453045500,783,47.05528846153847,76.15560640732265,25.43941402711962
Census Tract 456; Travis County; Texas,1241,144,162,81,229,108207.0,1983.0,2374,1241,48,453,045600,48453045600,616,49.63738920225624,52.27464195450716,21.991183564834067
Census Tract 457; Travis County; Texas,908,217,149,20,237,63521.0,1532.0,1610,908,48,453,045700,48453045700,623,68.6123348017621,56.39751552795032,28.94160986130571
Census Tract 458; Travis County; Texas,297,0,0,0,165,70000.0,1175.0,1770,297,48,453,045800,48453045800,165,55.55555555555556,16.779661016949152,20.142857142857142
Census Tract 459; Travis County; Texas,360,33,27,43,112,104001.0,2052.0,5462,360,48,453,045900,48453045900,215,59.72222222222222,6.590992310508971,23.676695416390228
Census Tract 460; Travis County; Texas,544,23,15,129,190,73119.0,1787.0,1608,544,48,453,046000,48453046000,357,65.625,33.83084577114428,29.327534566938823
Census Tract 461; Travis County; Texas,1068,73,348,35,0,118735.0,2176.0,2725,1068,48,453,046100,48453046100,456,42.69662921348314,39.19266055045871,21.991830547016466
Census Tract 462; Travis County; Texas,1141,102,71,60,169,121288.0,2129.0,2860,1141,48,453,046200,48453046200,402,35.232252410166524,39.89510489510489,21.06391398984236
Census Tract 463; Travis County; Texas,100,0,0,54,2,126875.0,2648.0,698,100,48,453,046300,48453046300,56,56.00000000000001,14.326647564469914,25.04512315270936
Census Tract 464; Travis County; Texas,749,94,36,146,65,122153.0,1909.0,1651,749,48,453,046400,48453046400,341,45.52736982643525,45.366444579043005,18.753530408585952
Census Tract 465; Travis County; Texas,1105,172,8,19,432,67354.0,1558.0,1568,1105,48,453,046500,48453046500,631,57.10407239819004,70.4719387755102,27.7578169076818
Census Tract 466; Travis County; Texas,183,0,27,0,10,133787.0,2132.0,3018,183,48,453,046600,48453046600,37,20.21857923497268,6.063618290258449,19.12293421632894
Census Tract 467; Travis County; Texas,137,0,0,71,7,173281.0,1951.0,1118,137,48,453,046700,48453046700,78,56.934306569343065,12.254025044722718,13.511002360328023
Census Tract 468; Travis County; Texas,865,54,54,36,282,176744.0,2256.0,4694,865,48,453,046800,48453046800,426,49.2485549132948,18.427780144865785,15.317068754809215
Census Tract 469; Travis County; Texas,628,0,108,0,75,158132.0,1916.0,3000,628,48,453,046900,48453046900,183,29.14012738853503,20.933333333333334,14.539751599929174
